-- =============================================================================
-- cb_fix_assignments.sql
-- =============================================================================
-- PURPOSE:
--   Correct data integrity issues found after MySQL → PostgreSQL migration.
--
-- STEP 1: Fix cb_categories.language_id which is NULL for 12 rows that were
--         migrated without their language assignments.  In the original MySQL
--         schema this column is NOT NULL, so these rows break the
--         language → category → subcategory cascade / filter in the UI.
--
-- STEP 2-4: Re-ensure all junction-table rows exist in cb_book_language,
--           cb_book_category, and cb_book_sub_category using
--           INSERT ... ON CONFLICT (id) DO NOTHING as a safety net.
--           The data appears correct in PostgreSQL already; these statements
--           will silently no-op for any row that already exists.
--
-- LANGUAGES REFERENCE:
--   id=1  English
--   id=2  አማርኛ  (Amharic)
--   id=3  ግዕዝ   (Ge'ez)
-- =============================================================================

BEGIN;

-- ===========================================================================
-- STEP 1: Fix cb_categories.language_id (12 rows missing language assignment)
-- ===========================================================================

-- cat  6  (ታሪክ)              → አማርኛ  (2)
UPDATE public.cb_categories SET language_id = 2 WHERE id = 6;

-- cat  7  (ሥርዓተ ቤተክርስቲያን)    → አማርኛ  (2)
UPDATE public.cb_categories SET language_id = 2 WHERE id = 7;

-- cat  8  (ሥርዓተ ቤተክርስቲያን)    → ግዕዝ   (3)
UPDATE public.cb_categories SET language_id = 3 WHERE id = 8;

-- cat 10  (መጽሃፍ ቅዱስ)         → አማርኛ  (2)
UPDATE public.cb_categories SET language_id = 2 WHERE id = 10;

-- cat 16  (አገልግሎት)            → አማርኛ  (2)
UPDATE public.cb_categories SET language_id = 2 WHERE id = 16;

-- cat 17  (ነገረ መለኮት)          → አማርኛ  (2)
UPDATE public.cb_categories SET language_id = 2 WHERE id = 17;

-- cat 18  (ነገረ መለኮት)          → ግዕዝ   (3)
UPDATE public.cb_categories SET language_id = 3 WHERE id = 18;

-- cat 21  (ቅዱሳን)              → አማርኛ  (2)
UPDATE public.cb_categories SET language_id = 2 WHERE id = 21;

-- cat 22  (መፅሃፍ ቅዱስ)          → ግዕዝ   (3)
UPDATE public.cb_categories SET language_id = 3 WHERE id = 22;

-- cat 23  (እቅበተ እምነት)         → አማርኛ  (2)
UPDATE public.cb_categories SET language_id = 2 WHERE id = 23;

-- cat 24  (ቅዱሳን)              → ግዕዝ   (3)
UPDATE public.cb_categories SET language_id = 3 WHERE id = 24;

-- cat 25  (ታሪክ)               → ግዕዝ   (3)
UPDATE public.cb_categories SET language_id = 3 WHERE id = 25;

-- ===========================================================================
-- STEP 2: Re-ensure cb_book_language rows (290 total, batches of 50)
-- ===========================================================================

INSERT INTO public.cb_book_language (id, book_id, language_id, created_at, updated_at) VALUES
(1,2,1,CURRENT_TIMESTAMP,CURRENT_TIMESTAMP),
(2,3,1,CURRENT_TIMESTAMP,CURRENT_TIMESTAMP),
(3,4,2,CURRENT_TIMESTAMP,CURRENT_TIMESTAMP),
(4,5,2,CURRENT_TIMESTAMP,CURRENT_TIMESTAMP),
(5,5,3,CURRENT_TIMESTAMP,CURRENT_TIMESTAMP),
(6,6,2,CURRENT_TIMESTAMP,CURRENT_TIMESTAMP),
(7,6,3,CURRENT_TIMESTAMP,CURRENT_TIMESTAMP),
(8,7,2,CURRENT_TIMESTAMP,CURRENT_TIMESTAMP),
(9,7,3,CURRENT_TIMESTAMP,CURRENT_TIMESTAMP),
(10,8,2,CURRENT_TIMESTAMP,CURRENT_TIMESTAMP),
(11,8,3,CURRENT_TIMESTAMP,CURRENT_TIMESTAMP),
(12,9,2,CURRENT_TIMESTAMP,CURRENT_TIMESTAMP),
(13,9,3,CURRENT_TIMESTAMP,CURRENT_TIMESTAMP),
(14,10,2,CURRENT_TIMESTAMP,CURRENT_TIMESTAMP),
(15,10,3,CURRENT_TIMESTAMP,CURRENT_TIMESTAMP),
(16,11,2,CURRENT_TIMESTAMP,CURRENT_TIMESTAMP),
(17,11,3,CURRENT_TIMESTAMP,CURRENT_TIMESTAMP),
(22,14,3,CURRENT_TIMESTAMP,CURRENT_TIMESTAMP),
(23,14,2,CURRENT_TIMESTAMP,CURRENT_TIMESTAMP),
(24,15,2,CURRENT_TIMESTAMP,CURRENT_TIMESTAMP),
(25,15,3,CURRENT_TIMESTAMP,CURRENT_TIMESTAMP),
(26,16,2,CURRENT_TIMESTAMP,CURRENT_TIMESTAMP),
(27,16,3,CURRENT_TIMESTAMP,CURRENT_TIMESTAMP),
(28,17,2,CURRENT_TIMESTAMP,CURRENT_TIMESTAMP),
(29,17,3,CURRENT_TIMESTAMP,CURRENT_TIMESTAMP),
(30,18,2,CURRENT_TIMESTAMP,CURRENT_TIMESTAMP),
(31,18,3,CURRENT_TIMESTAMP,CURRENT_TIMESTAMP),
(32,19,2,CURRENT_TIMESTAMP,CURRENT_TIMESTAMP),
(33,19,3,CURRENT_TIMESTAMP,CURRENT_TIMESTAMP),
(34,20,2,CURRENT_TIMESTAMP,CURRENT_TIMESTAMP),
(35,20,3,CURRENT_TIMESTAMP,CURRENT_TIMESTAMP),
(36,21,1,CURRENT_TIMESTAMP,CURRENT_TIMESTAMP),
(37,22,2,CURRENT_TIMESTAMP,CURRENT_TIMESTAMP),
(38,22,3,CURRENT_TIMESTAMP,CURRENT_TIMESTAMP),
(39,23,1,CURRENT_TIMESTAMP,CURRENT_TIMESTAMP),
(40,23,2,CURRENT_TIMESTAMP,CURRENT_TIMESTAMP),
(41,23,3,CURRENT_TIMESTAMP,CURRENT_TIMESTAMP),
(42,24,1,CURRENT_TIMESTAMP,CURRENT_TIMESTAMP),
(43,24,2,CURRENT_TIMESTAMP,CURRENT_TIMESTAMP),
(44,24,3,CURRENT_TIMESTAMP,CURRENT_TIMESTAMP),
(45,25,1,CURRENT_TIMESTAMP,CURRENT_TIMESTAMP),
(46,25,2,CURRENT_TIMESTAMP,CURRENT_TIMESTAMP),
(47,25,3,CURRENT_TIMESTAMP,CURRENT_TIMESTAMP),
(48,26,1,CURRENT_TIMESTAMP,CURRENT_TIMESTAMP),
(49,26,2,CURRENT_TIMESTAMP,CURRENT_TIMESTAMP),
(50,26,3,CURRENT_TIMESTAMP,CURRENT_TIMESTAMP)
ON CONFLICT (id) DO NOTHING;

INSERT INTO public.cb_book_language (id, book_id, language_id, created_at, updated_at) VALUES
(51,27,1,CURRENT_TIMESTAMP,CURRENT_TIMESTAMP),
(52,27,2,CURRENT_TIMESTAMP,CURRENT_TIMESTAMP),
(53,27,3,CURRENT_TIMESTAMP,CURRENT_TIMESTAMP),
(54,28,1,CURRENT_TIMESTAMP,CURRENT_TIMESTAMP),
(55,28,2,CURRENT_TIMESTAMP,CURRENT_TIMESTAMP),
(56,28,3,CURRENT_TIMESTAMP,CURRENT_TIMESTAMP),
(57,29,1,CURRENT_TIMESTAMP,CURRENT_TIMESTAMP),
(58,29,2,CURRENT_TIMESTAMP,CURRENT_TIMESTAMP),
(59,29,3,CURRENT_TIMESTAMP,CURRENT_TIMESTAMP),
(60,30,1,CURRENT_TIMESTAMP,CURRENT_TIMESTAMP),
(61,30,2,CURRENT_TIMESTAMP,CURRENT_TIMESTAMP),
(62,30,3,CURRENT_TIMESTAMP,CURRENT_TIMESTAMP),
(63,31,2,CURRENT_TIMESTAMP,CURRENT_TIMESTAMP),
(64,32,2,CURRENT_TIMESTAMP,CURRENT_TIMESTAMP),
(65,33,2,CURRENT_TIMESTAMP,CURRENT_TIMESTAMP),
(66,34,2,CURRENT_TIMESTAMP,CURRENT_TIMESTAMP),
(67,35,2,CURRENT_TIMESTAMP,CURRENT_TIMESTAMP),
(68,36,2,CURRENT_TIMESTAMP,CURRENT_TIMESTAMP),
(69,36,3,CURRENT_TIMESTAMP,CURRENT_TIMESTAMP),
(70,37,3,CURRENT_TIMESTAMP,CURRENT_TIMESTAMP),
(71,38,2,CURRENT_TIMESTAMP,CURRENT_TIMESTAMP),
(72,38,3,CURRENT_TIMESTAMP,CURRENT_TIMESTAMP),
(73,39,2,CURRENT_TIMESTAMP,CURRENT_TIMESTAMP),
(74,40,2,CURRENT_TIMESTAMP,CURRENT_TIMESTAMP),
(75,41,2,CURRENT_TIMESTAMP,CURRENT_TIMESTAMP),
(76,42,2,CURRENT_TIMESTAMP,CURRENT_TIMESTAMP),
(77,43,2,CURRENT_TIMESTAMP,CURRENT_TIMESTAMP),
(78,44,1,CURRENT_TIMESTAMP,CURRENT_TIMESTAMP),
(79,45,1,CURRENT_TIMESTAMP,CURRENT_TIMESTAMP),
(80,46,1,CURRENT_TIMESTAMP,CURRENT_TIMESTAMP),
(81,47,1,CURRENT_TIMESTAMP,CURRENT_TIMESTAMP),
(82,48,1,CURRENT_TIMESTAMP,CURRENT_TIMESTAMP),
(83,49,1,CURRENT_TIMESTAMP,CURRENT_TIMESTAMP),
(84,50,1,CURRENT_TIMESTAMP,CURRENT_TIMESTAMP),
(85,51,1,CURRENT_TIMESTAMP,CURRENT_TIMESTAMP),
(86,52,1,CURRENT_TIMESTAMP,CURRENT_TIMESTAMP),
(87,53,1,CURRENT_TIMESTAMP,CURRENT_TIMESTAMP),
(88,54,1,CURRENT_TIMESTAMP,CURRENT_TIMESTAMP),
(89,55,1,CURRENT_TIMESTAMP,CURRENT_TIMESTAMP),
(90,56,1,CURRENT_TIMESTAMP,CURRENT_TIMESTAMP),
(91,57,1,CURRENT_TIMESTAMP,CURRENT_TIMESTAMP),
(92,58,1,CURRENT_TIMESTAMP,CURRENT_TIMESTAMP),
(93,59,1,CURRENT_TIMESTAMP,CURRENT_TIMESTAMP),
(94,60,1,CURRENT_TIMESTAMP,CURRENT_TIMESTAMP),
(95,61,1,CURRENT_TIMESTAMP,CURRENT_TIMESTAMP),
(96,62,1,CURRENT_TIMESTAMP,CURRENT_TIMESTAMP),
(97,63,1,CURRENT_TIMESTAMP,CURRENT_TIMESTAMP),
(98,64,1,CURRENT_TIMESTAMP,CURRENT_TIMESTAMP),
(99,65,1,CURRENT_TIMESTAMP,CURRENT_TIMESTAMP),
(100,66,1,CURRENT_TIMESTAMP,CURRENT_TIMESTAMP)
ON CONFLICT (id) DO NOTHING;

INSERT INTO public.cb_book_language (id, book_id, language_id, created_at, updated_at) VALUES
(101,67,1,CURRENT_TIMESTAMP,CURRENT_TIMESTAMP),
(102,68,1,CURRENT_TIMESTAMP,CURRENT_TIMESTAMP),
(103,69,1,CURRENT_TIMESTAMP,CURRENT_TIMESTAMP),
(104,70,1,CURRENT_TIMESTAMP,CURRENT_TIMESTAMP),
(105,71,1,CURRENT_TIMESTAMP,CURRENT_TIMESTAMP),
(106,72,1,CURRENT_TIMESTAMP,CURRENT_TIMESTAMP),
(107,73,1,CURRENT_TIMESTAMP,CURRENT_TIMESTAMP),
(108,74,1,CURRENT_TIMESTAMP,CURRENT_TIMESTAMP),
(109,75,1,CURRENT_TIMESTAMP,CURRENT_TIMESTAMP),
(110,76,1,CURRENT_TIMESTAMP,CURRENT_TIMESTAMP),
(111,77,1,CURRENT_TIMESTAMP,CURRENT_TIMESTAMP),
(112,78,1,CURRENT_TIMESTAMP,CURRENT_TIMESTAMP),
(113,79,1,CURRENT_TIMESTAMP,CURRENT_TIMESTAMP),
(114,80,1,CURRENT_TIMESTAMP,CURRENT_TIMESTAMP),
(115,81,1,CURRENT_TIMESTAMP,CURRENT_TIMESTAMP),
(116,82,1,CURRENT_TIMESTAMP,CURRENT_TIMESTAMP),
(117,83,1,CURRENT_TIMESTAMP,CURRENT_TIMESTAMP),
(118,84,1,CURRENT_TIMESTAMP,CURRENT_TIMESTAMP),
(119,85,1,CURRENT_TIMESTAMP,CURRENT_TIMESTAMP),
(120,86,1,CURRENT_TIMESTAMP,CURRENT_TIMESTAMP),
(121,87,1,CURRENT_TIMESTAMP,CURRENT_TIMESTAMP),
(122,88,1,CURRENT_TIMESTAMP,CURRENT_TIMESTAMP),
(123,89,1,CURRENT_TIMESTAMP,CURRENT_TIMESTAMP),
(124,90,1,CURRENT_TIMESTAMP,CURRENT_TIMESTAMP),
(125,91,1,CURRENT_TIMESTAMP,CURRENT_TIMESTAMP),
(126,92,1,CURRENT_TIMESTAMP,CURRENT_TIMESTAMP),
(127,93,1,CURRENT_TIMESTAMP,CURRENT_TIMESTAMP),
(128,94,1,CURRENT_TIMESTAMP,CURRENT_TIMESTAMP),
(129,95,1,CURRENT_TIMESTAMP,CURRENT_TIMESTAMP),
(130,96,1,CURRENT_TIMESTAMP,CURRENT_TIMESTAMP),
(131,97,1,CURRENT_TIMESTAMP,CURRENT_TIMESTAMP),
(132,98,1,CURRENT_TIMESTAMP,CURRENT_TIMESTAMP),
(133,99,1,CURRENT_TIMESTAMP,CURRENT_TIMESTAMP),
(134,100,1,CURRENT_TIMESTAMP,CURRENT_TIMESTAMP),
(135,101,1,CURRENT_TIMESTAMP,CURRENT_TIMESTAMP),
(136,102,1,CURRENT_TIMESTAMP,CURRENT_TIMESTAMP),
(137,103,1,CURRENT_TIMESTAMP,CURRENT_TIMESTAMP),
(138,104,1,CURRENT_TIMESTAMP,CURRENT_TIMESTAMP),
(139,105,1,CURRENT_TIMESTAMP,CURRENT_TIMESTAMP),
(140,106,1,CURRENT_TIMESTAMP,CURRENT_TIMESTAMP),
(141,107,1,CURRENT_TIMESTAMP,CURRENT_TIMESTAMP),
(142,108,1,CURRENT_TIMESTAMP,CURRENT_TIMESTAMP),
(143,109,1,CURRENT_TIMESTAMP,CURRENT_TIMESTAMP),
(144,110,1,CURRENT_TIMESTAMP,CURRENT_TIMESTAMP),
(145,111,1,CURRENT_TIMESTAMP,CURRENT_TIMESTAMP),
(146,112,1,CURRENT_TIMESTAMP,CURRENT_TIMESTAMP),
(147,113,1,CURRENT_TIMESTAMP,CURRENT_TIMESTAMP),
(148,114,1,CURRENT_TIMESTAMP,CURRENT_TIMESTAMP),
(149,115,1,CURRENT_TIMESTAMP,CURRENT_TIMESTAMP),
(150,116,1,CURRENT_TIMESTAMP,CURRENT_TIMESTAMP)
ON CONFLICT (id) DO NOTHING;

INSERT INTO public.cb_book_language (id, book_id, language_id, created_at, updated_at) VALUES
(151,117,1,CURRENT_TIMESTAMP,CURRENT_TIMESTAMP),
(152,118,1,CURRENT_TIMESTAMP,CURRENT_TIMESTAMP),
(153,119,1,CURRENT_TIMESTAMP,CURRENT_TIMESTAMP),
(154,120,1,CURRENT_TIMESTAMP,CURRENT_TIMESTAMP),
(155,121,1,CURRENT_TIMESTAMP,CURRENT_TIMESTAMP),
(156,122,1,CURRENT_TIMESTAMP,CURRENT_TIMESTAMP),
(157,123,1,CURRENT_TIMESTAMP,CURRENT_TIMESTAMP),
(158,124,1,CURRENT_TIMESTAMP,CURRENT_TIMESTAMP),
(159,125,1,CURRENT_TIMESTAMP,CURRENT_TIMESTAMP),
(160,126,1,CURRENT_TIMESTAMP,CURRENT_TIMESTAMP),
(161,127,1,CURRENT_TIMESTAMP,CURRENT_TIMESTAMP),
(162,128,1,CURRENT_TIMESTAMP,CURRENT_TIMESTAMP),
(163,129,1,CURRENT_TIMESTAMP,CURRENT_TIMESTAMP),
(164,130,1,CURRENT_TIMESTAMP,CURRENT_TIMESTAMP),
(165,131,1,CURRENT_TIMESTAMP,CURRENT_TIMESTAMP),
(166,132,1,CURRENT_TIMESTAMP,CURRENT_TIMESTAMP),
(167,133,1,CURRENT_TIMESTAMP,CURRENT_TIMESTAMP),
(168,134,1,CURRENT_TIMESTAMP,CURRENT_TIMESTAMP),
(169,135,1,CURRENT_TIMESTAMP,CURRENT_TIMESTAMP),
(170,136,1,CURRENT_TIMESTAMP,CURRENT_TIMESTAMP),
(171,137,1,CURRENT_TIMESTAMP,CURRENT_TIMESTAMP),
(172,138,1,CURRENT_TIMESTAMP,CURRENT_TIMESTAMP),
(173,139,1,CURRENT_TIMESTAMP,CURRENT_TIMESTAMP),
(174,140,1,CURRENT_TIMESTAMP,CURRENT_TIMESTAMP),
(175,141,1,CURRENT_TIMESTAMP,CURRENT_TIMESTAMP),
(176,142,1,CURRENT_TIMESTAMP,CURRENT_TIMESTAMP),
(177,143,1,CURRENT_TIMESTAMP,CURRENT_TIMESTAMP),
(178,144,1,CURRENT_TIMESTAMP,CURRENT_TIMESTAMP),
(179,145,1,CURRENT_TIMESTAMP,CURRENT_TIMESTAMP),
(180,146,1,CURRENT_TIMESTAMP,CURRENT_TIMESTAMP),
(181,147,1,CURRENT_TIMESTAMP,CURRENT_TIMESTAMP),
(182,148,1,CURRENT_TIMESTAMP,CURRENT_TIMESTAMP),
(183,149,1,CURRENT_TIMESTAMP,CURRENT_TIMESTAMP),
(184,150,1,CURRENT_TIMESTAMP,CURRENT_TIMESTAMP),
(185,151,1,CURRENT_TIMESTAMP,CURRENT_TIMESTAMP),
(186,152,1,CURRENT_TIMESTAMP,CURRENT_TIMESTAMP),
(187,153,2,CURRENT_TIMESTAMP,CURRENT_TIMESTAMP),
(188,154,2,CURRENT_TIMESTAMP,CURRENT_TIMESTAMP),
(189,155,1,CURRENT_TIMESTAMP,CURRENT_TIMESTAMP),
(190,156,1,CURRENT_TIMESTAMP,CURRENT_TIMESTAMP),
(191,157,2,CURRENT_TIMESTAMP,CURRENT_TIMESTAMP),
(192,157,3,CURRENT_TIMESTAMP,CURRENT_TIMESTAMP),
(193,158,2,CURRENT_TIMESTAMP,CURRENT_TIMESTAMP),
(194,158,3,CURRENT_TIMESTAMP,CURRENT_TIMESTAMP),
(195,159,2,CURRENT_TIMESTAMP,CURRENT_TIMESTAMP),
(196,159,3,CURRENT_TIMESTAMP,CURRENT_TIMESTAMP),
(197,160,2,CURRENT_TIMESTAMP,CURRENT_TIMESTAMP),
(198,160,3,CURRENT_TIMESTAMP,CURRENT_TIMESTAMP),
(199,161,3,CURRENT_TIMESTAMP,CURRENT_TIMESTAMP),
(200,161,2,CURRENT_TIMESTAMP,CURRENT_TIMESTAMP)
ON CONFLICT (id) DO NOTHING;

INSERT INTO public.cb_book_language (id, book_id, language_id, created_at, updated_at) VALUES
(201,162,2,CURRENT_TIMESTAMP,CURRENT_TIMESTAMP),
(202,162,3,CURRENT_TIMESTAMP,CURRENT_TIMESTAMP),
(203,163,2,CURRENT_TIMESTAMP,CURRENT_TIMESTAMP),
(204,163,3,CURRENT_TIMESTAMP,CURRENT_TIMESTAMP),
(205,164,2,CURRENT_TIMESTAMP,CURRENT_TIMESTAMP),
(206,165,2,CURRENT_TIMESTAMP,CURRENT_TIMESTAMP),
(207,166,2,CURRENT_TIMESTAMP,CURRENT_TIMESTAMP),
(208,167,2,CURRENT_TIMESTAMP,CURRENT_TIMESTAMP),
(209,168,2,CURRENT_TIMESTAMP,CURRENT_TIMESTAMP),
(210,169,2,CURRENT_TIMESTAMP,CURRENT_TIMESTAMP),
(211,170,2,CURRENT_TIMESTAMP,CURRENT_TIMESTAMP),
(212,171,2,CURRENT_TIMESTAMP,CURRENT_TIMESTAMP),
(213,172,2,CURRENT_TIMESTAMP,CURRENT_TIMESTAMP),
(214,173,2,CURRENT_TIMESTAMP,CURRENT_TIMESTAMP),
(215,174,2,CURRENT_TIMESTAMP,CURRENT_TIMESTAMP),
(216,175,2,CURRENT_TIMESTAMP,CURRENT_TIMESTAMP),
(217,176,2,CURRENT_TIMESTAMP,CURRENT_TIMESTAMP),
(218,177,2,CURRENT_TIMESTAMP,CURRENT_TIMESTAMP),
(219,178,2,CURRENT_TIMESTAMP,CURRENT_TIMESTAMP),
(220,179,2,CURRENT_TIMESTAMP,CURRENT_TIMESTAMP),
(221,180,2,CURRENT_TIMESTAMP,CURRENT_TIMESTAMP),
(222,181,2,CURRENT_TIMESTAMP,CURRENT_TIMESTAMP),
(223,182,2,CURRENT_TIMESTAMP,CURRENT_TIMESTAMP),
(224,183,2,CURRENT_TIMESTAMP,CURRENT_TIMESTAMP),
(225,184,2,CURRENT_TIMESTAMP,CURRENT_TIMESTAMP),
(226,185,2,CURRENT_TIMESTAMP,CURRENT_TIMESTAMP),
(227,186,2,CURRENT_TIMESTAMP,CURRENT_TIMESTAMP),
(228,186,3,CURRENT_TIMESTAMP,CURRENT_TIMESTAMP),
(229,187,2,CURRENT_TIMESTAMP,CURRENT_TIMESTAMP),
(230,187,3,CURRENT_TIMESTAMP,CURRENT_TIMESTAMP),
(231,188,2,CURRENT_TIMESTAMP,CURRENT_TIMESTAMP),
(232,189,2,CURRENT_TIMESTAMP,CURRENT_TIMESTAMP),
(233,190,2,CURRENT_TIMESTAMP,CURRENT_TIMESTAMP),
(234,191,2,CURRENT_TIMESTAMP,CURRENT_TIMESTAMP),
(235,192,2,CURRENT_TIMESTAMP,CURRENT_TIMESTAMP),
(236,193,2,CURRENT_TIMESTAMP,CURRENT_TIMESTAMP),
(237,194,2,CURRENT_TIMESTAMP,CURRENT_TIMESTAMP),
(238,195,2,CURRENT_TIMESTAMP,CURRENT_TIMESTAMP),
(239,196,2,CURRENT_TIMESTAMP,CURRENT_TIMESTAMP),
(240,197,3,CURRENT_TIMESTAMP,CURRENT_TIMESTAMP),
(241,198,2,CURRENT_TIMESTAMP,CURRENT_TIMESTAMP),
(242,199,2,CURRENT_TIMESTAMP,CURRENT_TIMESTAMP),
(243,200,2,CURRENT_TIMESTAMP,CURRENT_TIMESTAMP),
(244,201,2,CURRENT_TIMESTAMP,CURRENT_TIMESTAMP),
(245,202,2,CURRENT_TIMESTAMP,CURRENT_TIMESTAMP),
(246,203,3,CURRENT_TIMESTAMP,CURRENT_TIMESTAMP),
(247,203,2,CURRENT_TIMESTAMP,CURRENT_TIMESTAMP),
(248,204,3,CURRENT_TIMESTAMP,CURRENT_TIMESTAMP),
(249,204,2,CURRENT_TIMESTAMP,CURRENT_TIMESTAMP),
(250,205,2,CURRENT_TIMESTAMP,CURRENT_TIMESTAMP)
ON CONFLICT (id) DO NOTHING;

INSERT INTO public.cb_book_language (id, book_id, language_id, created_at, updated_at) VALUES
(251,206,3,CURRENT_TIMESTAMP,CURRENT_TIMESTAMP),
(252,206,2,CURRENT_TIMESTAMP,CURRENT_TIMESTAMP),
(253,207,3,CURRENT_TIMESTAMP,CURRENT_TIMESTAMP),
(254,207,2,CURRENT_TIMESTAMP,CURRENT_TIMESTAMP),
(255,208,3,CURRENT_TIMESTAMP,CURRENT_TIMESTAMP),
(256,208,2,CURRENT_TIMESTAMP,CURRENT_TIMESTAMP),
(257,209,3,CURRENT_TIMESTAMP,CURRENT_TIMESTAMP),
(258,209,2,CURRENT_TIMESTAMP,CURRENT_TIMESTAMP),
(259,210,3,CURRENT_TIMESTAMP,CURRENT_TIMESTAMP),
(260,210,2,CURRENT_TIMESTAMP,CURRENT_TIMESTAMP),
(261,211,3,CURRENT_TIMESTAMP,CURRENT_TIMESTAMP),
(262,211,2,CURRENT_TIMESTAMP,CURRENT_TIMESTAMP),
(263,212,3,CURRENT_TIMESTAMP,CURRENT_TIMESTAMP),
(264,212,2,CURRENT_TIMESTAMP,CURRENT_TIMESTAMP),
(265,213,3,CURRENT_TIMESTAMP,CURRENT_TIMESTAMP),
(266,213,2,CURRENT_TIMESTAMP,CURRENT_TIMESTAMP),
(267,214,3,CURRENT_TIMESTAMP,CURRENT_TIMESTAMP),
(268,214,2,CURRENT_TIMESTAMP,CURRENT_TIMESTAMP),
(269,215,1,CURRENT_TIMESTAMP,CURRENT_TIMESTAMP),
(270,216,1,CURRENT_TIMESTAMP,CURRENT_TIMESTAMP),
(271,217,1,CURRENT_TIMESTAMP,CURRENT_TIMESTAMP),
(272,218,1,CURRENT_TIMESTAMP,CURRENT_TIMESTAMP),
(273,219,1,CURRENT_TIMESTAMP,CURRENT_TIMESTAMP),
(274,220,1,CURRENT_TIMESTAMP,CURRENT_TIMESTAMP),
(275,221,1,CURRENT_TIMESTAMP,CURRENT_TIMESTAMP),
(276,222,1,CURRENT_TIMESTAMP,CURRENT_TIMESTAMP),
(277,223,1,CURRENT_TIMESTAMP,CURRENT_TIMESTAMP),
(278,224,1,CURRENT_TIMESTAMP,CURRENT_TIMESTAMP),
(279,225,1,CURRENT_TIMESTAMP,CURRENT_TIMESTAMP),
(280,226,1,CURRENT_TIMESTAMP,CURRENT_TIMESTAMP),
(281,227,1,CURRENT_TIMESTAMP,CURRENT_TIMESTAMP),
(282,228,2,CURRENT_TIMESTAMP,CURRENT_TIMESTAMP),
(283,228,3,CURRENT_TIMESTAMP,CURRENT_TIMESTAMP),
(284,229,1,CURRENT_TIMESTAMP,CURRENT_TIMESTAMP),
(285,230,1,CURRENT_TIMESTAMP,CURRENT_TIMESTAMP),
(286,231,2,CURRENT_TIMESTAMP,CURRENT_TIMESTAMP),
(287,232,1,CURRENT_TIMESTAMP,CURRENT_TIMESTAMP),
(288,233,2,CURRENT_TIMESTAMP,CURRENT_TIMESTAMP),
(289,234,1,CURRENT_TIMESTAMP,CURRENT_TIMESTAMP),
(290,235,2,CURRENT_TIMESTAMP,CURRENT_TIMESTAMP)
ON CONFLICT (id) DO NOTHING;

-- ===========================================================================
-- STEP 3: Re-ensure cb_book_category rows (315 total, batches of 50)
-- ===========================================================================

INSERT INTO public.cb_book_category (id, book_id, category_id, created_at, updated_at) VALUES
(1,2,1,CURRENT_TIMESTAMP,CURRENT_TIMESTAMP),
(2,3,1,CURRENT_TIMESTAMP,CURRENT_TIMESTAMP),
(3,4,6,CURRENT_TIMESTAMP,CURRENT_TIMESTAMP),
(4,5,7,CURRENT_TIMESTAMP,CURRENT_TIMESTAMP),
(5,5,8,CURRENT_TIMESTAMP,CURRENT_TIMESTAMP),
(6,6,7,CURRENT_TIMESTAMP,CURRENT_TIMESTAMP),
(7,6,8,CURRENT_TIMESTAMP,CURRENT_TIMESTAMP),
(8,7,7,CURRENT_TIMESTAMP,CURRENT_TIMESTAMP),
(9,7,8,CURRENT_TIMESTAMP,CURRENT_TIMESTAMP),
(10,8,7,CURRENT_TIMESTAMP,CURRENT_TIMESTAMP),
(11,8,8,CURRENT_TIMESTAMP,CURRENT_TIMESTAMP),
(12,9,7,CURRENT_TIMESTAMP,CURRENT_TIMESTAMP),
(13,9,8,CURRENT_TIMESTAMP,CURRENT_TIMESTAMP),
(14,10,7,CURRENT_TIMESTAMP,CURRENT_TIMESTAMP),
(15,10,8,CURRENT_TIMESTAMP,CURRENT_TIMESTAMP),
(16,11,7,CURRENT_TIMESTAMP,CURRENT_TIMESTAMP),
(17,11,8,CURRENT_TIMESTAMP,CURRENT_TIMESTAMP),
(22,14,8,CURRENT_TIMESTAMP,CURRENT_TIMESTAMP),
(23,14,7,CURRENT_TIMESTAMP,CURRENT_TIMESTAMP),
(24,15,7,CURRENT_TIMESTAMP,CURRENT_TIMESTAMP),
(25,15,8,CURRENT_TIMESTAMP,CURRENT_TIMESTAMP),
(26,16,7,CURRENT_TIMESTAMP,CURRENT_TIMESTAMP),
(27,16,8,CURRENT_TIMESTAMP,CURRENT_TIMESTAMP),
(28,17,7,CURRENT_TIMESTAMP,CURRENT_TIMESTAMP),
(29,17,8,CURRENT_TIMESTAMP,CURRENT_TIMESTAMP),
(30,18,7,CURRENT_TIMESTAMP,CURRENT_TIMESTAMP),
(31,18,8,CURRENT_TIMESTAMP,CURRENT_TIMESTAMP),
(32,19,7,CURRENT_TIMESTAMP,CURRENT_TIMESTAMP),
(33,19,8,CURRENT_TIMESTAMP,CURRENT_TIMESTAMP),
(34,20,7,CURRENT_TIMESTAMP,CURRENT_TIMESTAMP),
(35,20,8,CURRENT_TIMESTAMP,CURRENT_TIMESTAMP),
(36,21,9,CURRENT_TIMESTAMP,CURRENT_TIMESTAMP),
(37,22,7,CURRENT_TIMESTAMP,CURRENT_TIMESTAMP),
(38,22,8,CURRENT_TIMESTAMP,CURRENT_TIMESTAMP),
(39,23,9,CURRENT_TIMESTAMP,CURRENT_TIMESTAMP),
(40,23,7,CURRENT_TIMESTAMP,CURRENT_TIMESTAMP),
(41,23,8,CURRENT_TIMESTAMP,CURRENT_TIMESTAMP),
(42,24,9,CURRENT_TIMESTAMP,CURRENT_TIMESTAMP),
(43,24,7,CURRENT_TIMESTAMP,CURRENT_TIMESTAMP),
(44,24,8,CURRENT_TIMESTAMP,CURRENT_TIMESTAMP),
(45,25,9,CURRENT_TIMESTAMP,CURRENT_TIMESTAMP),
(46,25,7,CURRENT_TIMESTAMP,CURRENT_TIMESTAMP),
(47,25,8,CURRENT_TIMESTAMP,CURRENT_TIMESTAMP),
(48,26,9,CURRENT_TIMESTAMP,CURRENT_TIMESTAMP),
(49,26,7,CURRENT_TIMESTAMP,CURRENT_TIMESTAMP),
(50,26,8,CURRENT_TIMESTAMP,CURRENT_TIMESTAMP)
ON CONFLICT (id) DO NOTHING;

INSERT INTO public.cb_book_category (id, book_id, category_id, created_at, updated_at) VALUES
(51,27,9,CURRENT_TIMESTAMP,CURRENT_TIMESTAMP),
(52,27,7,CURRENT_TIMESTAMP,CURRENT_TIMESTAMP),
(53,27,8,CURRENT_TIMESTAMP,CURRENT_TIMESTAMP),
(54,28,9,CURRENT_TIMESTAMP,CURRENT_TIMESTAMP),
(55,28,7,CURRENT_TIMESTAMP,CURRENT_TIMESTAMP),
(56,28,8,CURRENT_TIMESTAMP,CURRENT_TIMESTAMP),
(57,29,9,CURRENT_TIMESTAMP,CURRENT_TIMESTAMP),
(58,29,7,CURRENT_TIMESTAMP,CURRENT_TIMESTAMP),
(59,29,8,CURRENT_TIMESTAMP,CURRENT_TIMESTAMP),
(60,30,9,CURRENT_TIMESTAMP,CURRENT_TIMESTAMP),
(61,30,7,CURRENT_TIMESTAMP,CURRENT_TIMESTAMP),
(62,30,8,CURRENT_TIMESTAMP,CURRENT_TIMESTAMP),
(63,31,6,CURRENT_TIMESTAMP,CURRENT_TIMESTAMP),
(64,32,7,CURRENT_TIMESTAMP,CURRENT_TIMESTAMP),
(65,33,7,CURRENT_TIMESTAMP,CURRENT_TIMESTAMP),
(66,34,7,CURRENT_TIMESTAMP,CURRENT_TIMESTAMP),
(67,35,7,CURRENT_TIMESTAMP,CURRENT_TIMESTAMP),
(68,36,7,CURRENT_TIMESTAMP,CURRENT_TIMESTAMP),
(69,36,8,CURRENT_TIMESTAMP,CURRENT_TIMESTAMP),
(70,37,8,CURRENT_TIMESTAMP,CURRENT_TIMESTAMP),
(71,38,7,CURRENT_TIMESTAMP,CURRENT_TIMESTAMP),
(72,38,8,CURRENT_TIMESTAMP,CURRENT_TIMESTAMP),
(73,39,7,CURRENT_TIMESTAMP,CURRENT_TIMESTAMP),
(74,40,7,CURRENT_TIMESTAMP,CURRENT_TIMESTAMP),
(75,41,7,CURRENT_TIMESTAMP,CURRENT_TIMESTAMP),
(76,42,6,CURRENT_TIMESTAMP,CURRENT_TIMESTAMP),
(77,43,10,CURRENT_TIMESTAMP,CURRENT_TIMESTAMP),
(78,44,13,CURRENT_TIMESTAMP,CURRENT_TIMESTAMP),
(79,45,13,CURRENT_TIMESTAMP,CURRENT_TIMESTAMP),
(80,46,13,CURRENT_TIMESTAMP,CURRENT_TIMESTAMP),
(81,47,13,CURRENT_TIMESTAMP,CURRENT_TIMESTAMP),
(82,48,13,CURRENT_TIMESTAMP,CURRENT_TIMESTAMP),
(83,49,3,CURRENT_TIMESTAMP,CURRENT_TIMESTAMP),
(84,50,3,CURRENT_TIMESTAMP,CURRENT_TIMESTAMP),
(85,51,11,CURRENT_TIMESTAMP,CURRENT_TIMESTAMP),
(86,52,11,CURRENT_TIMESTAMP,CURRENT_TIMESTAMP),
(87,53,3,CURRENT_TIMESTAMP,CURRENT_TIMESTAMP),
(88,54,11,CURRENT_TIMESTAMP,CURRENT_TIMESTAMP),
(89,55,9,CURRENT_TIMESTAMP,CURRENT_TIMESTAMP),
(90,56,9,CURRENT_TIMESTAMP,CURRENT_TIMESTAMP),
(91,56,11,CURRENT_TIMESTAMP,CURRENT_TIMESTAMP),
(92,57,9,CURRENT_TIMESTAMP,CURRENT_TIMESTAMP),
(93,58,9,CURRENT_TIMESTAMP,CURRENT_TIMESTAMP),
(94,59,13,CURRENT_TIMESTAMP,CURRENT_TIMESTAMP),
(95,60,3,CURRENT_TIMESTAMP,CURRENT_TIMESTAMP),
(96,60,11,CURRENT_TIMESTAMP,CURRENT_TIMESTAMP),
(97,61,9,CURRENT_TIMESTAMP,CURRENT_TIMESTAMP),
(98,62,3,CURRENT_TIMESTAMP,CURRENT_TIMESTAMP),
(99,63,14,CURRENT_TIMESTAMP,CURRENT_TIMESTAMP),
(100,63,11,CURRENT_TIMESTAMP,CURRENT_TIMESTAMP)
ON CONFLICT (id) DO NOTHING;

INSERT INTO public.cb_book_category (id, book_id, category_id, created_at, updated_at) VALUES
(101,64,11,CURRENT_TIMESTAMP,CURRENT_TIMESTAMP),
(102,65,15,CURRENT_TIMESTAMP,CURRENT_TIMESTAMP),
(103,66,2,CURRENT_TIMESTAMP,CURRENT_TIMESTAMP),
(104,67,11,CURRENT_TIMESTAMP,CURRENT_TIMESTAMP),
(105,68,11,CURRENT_TIMESTAMP,CURRENT_TIMESTAMP),
(106,69,11,CURRENT_TIMESTAMP,CURRENT_TIMESTAMP),
(107,70,3,CURRENT_TIMESTAMP,CURRENT_TIMESTAMP),
(108,71,3,CURRENT_TIMESTAMP,CURRENT_TIMESTAMP),
(109,72,3,CURRENT_TIMESTAMP,CURRENT_TIMESTAMP),
(110,73,14,CURRENT_TIMESTAMP,CURRENT_TIMESTAMP),
(111,74,11,CURRENT_TIMESTAMP,CURRENT_TIMESTAMP),
(112,75,11,CURRENT_TIMESTAMP,CURRENT_TIMESTAMP),
(113,76,11,CURRENT_TIMESTAMP,CURRENT_TIMESTAMP),
(114,77,11,CURRENT_TIMESTAMP,CURRENT_TIMESTAMP),
(115,78,11,CURRENT_TIMESTAMP,CURRENT_TIMESTAMP),
(116,79,2,CURRENT_TIMESTAMP,CURRENT_TIMESTAMP),
(117,79,1,CURRENT_TIMESTAMP,CURRENT_TIMESTAMP),
(118,80,2,CURRENT_TIMESTAMP,CURRENT_TIMESTAMP),
(119,80,1,CURRENT_TIMESTAMP,CURRENT_TIMESTAMP),
(120,81,1,CURRENT_TIMESTAMP,CURRENT_TIMESTAMP),
(121,81,2,CURRENT_TIMESTAMP,CURRENT_TIMESTAMP),
(122,82,11,CURRENT_TIMESTAMP,CURRENT_TIMESTAMP),
(123,83,2,CURRENT_TIMESTAMP,CURRENT_TIMESTAMP),
(124,83,11,CURRENT_TIMESTAMP,CURRENT_TIMESTAMP),
(125,84,11,CURRENT_TIMESTAMP,CURRENT_TIMESTAMP),
(126,85,11,CURRENT_TIMESTAMP,CURRENT_TIMESTAMP),
(127,86,14,CURRENT_TIMESTAMP,CURRENT_TIMESTAMP),
(128,87,11,CURRENT_TIMESTAMP,CURRENT_TIMESTAMP),
(129,88,11,CURRENT_TIMESTAMP,CURRENT_TIMESTAMP),
(130,89,2,CURRENT_TIMESTAMP,CURRENT_TIMESTAMP),
(131,89,11,CURRENT_TIMESTAMP,CURRENT_TIMESTAMP),
(132,90,2,CURRENT_TIMESTAMP,CURRENT_TIMESTAMP),
(133,90,11,CURRENT_TIMESTAMP,CURRENT_TIMESTAMP),
(134,91,2,CURRENT_TIMESTAMP,CURRENT_TIMESTAMP),
(135,91,11,CURRENT_TIMESTAMP,CURRENT_TIMESTAMP),
(136,92,2,CURRENT_TIMESTAMP,CURRENT_TIMESTAMP),
(137,92,11,CURRENT_TIMESTAMP,CURRENT_TIMESTAMP),
(138,93,11,CURRENT_TIMESTAMP,CURRENT_TIMESTAMP),
(139,94,9,CURRENT_TIMESTAMP,CURRENT_TIMESTAMP),
(140,94,11,CURRENT_TIMESTAMP,CURRENT_TIMESTAMP),
(141,95,11,CURRENT_TIMESTAMP,CURRENT_TIMESTAMP),
(142,96,11,CURRENT_TIMESTAMP,CURRENT_TIMESTAMP),
(143,97,11,CURRENT_TIMESTAMP,CURRENT_TIMESTAMP),
(144,98,11,CURRENT_TIMESTAMP,CURRENT_TIMESTAMP),
(145,99,2,CURRENT_TIMESTAMP,CURRENT_TIMESTAMP),
(146,100,2,CURRENT_TIMESTAMP,CURRENT_TIMESTAMP),
(147,101,2,CURRENT_TIMESTAMP,CURRENT_TIMESTAMP),
(148,102,2,CURRENT_TIMESTAMP,CURRENT_TIMESTAMP),
(149,103,2,CURRENT_TIMESTAMP,CURRENT_TIMESTAMP),
(150,104,2,CURRENT_TIMESTAMP,CURRENT_TIMESTAMP)
ON CONFLICT (id) DO NOTHING;

INSERT INTO public.cb_book_category (id, book_id, category_id, created_at, updated_at) VALUES
(151,105,2,CURRENT_TIMESTAMP,CURRENT_TIMESTAMP),
(152,106,2,CURRENT_TIMESTAMP,CURRENT_TIMESTAMP),
(153,107,2,CURRENT_TIMESTAMP,CURRENT_TIMESTAMP),
(154,108,2,CURRENT_TIMESTAMP,CURRENT_TIMESTAMP),
(155,109,2,CURRENT_TIMESTAMP,CURRENT_TIMESTAMP),
(156,110,2,CURRENT_TIMESTAMP,CURRENT_TIMESTAMP),
(157,111,2,CURRENT_TIMESTAMP,CURRENT_TIMESTAMP),
(158,112,2,CURRENT_TIMESTAMP,CURRENT_TIMESTAMP),
(159,113,2,CURRENT_TIMESTAMP,CURRENT_TIMESTAMP),
(160,114,2,CURRENT_TIMESTAMP,CURRENT_TIMESTAMP),
(161,115,2,CURRENT_TIMESTAMP,CURRENT_TIMESTAMP),
(162,116,2,CURRENT_TIMESTAMP,CURRENT_TIMESTAMP),
(163,117,2,CURRENT_TIMESTAMP,CURRENT_TIMESTAMP),
(164,118,2,CURRENT_TIMESTAMP,CURRENT_TIMESTAMP),
(165,119,2,CURRENT_TIMESTAMP,CURRENT_TIMESTAMP),
(166,120,2,CURRENT_TIMESTAMP,CURRENT_TIMESTAMP),
(167,121,2,CURRENT_TIMESTAMP,CURRENT_TIMESTAMP),
(168,122,2,CURRENT_TIMESTAMP,CURRENT_TIMESTAMP),
(169,123,2,CURRENT_TIMESTAMP,CURRENT_TIMESTAMP),
(170,124,2,CURRENT_TIMESTAMP,CURRENT_TIMESTAMP),
(171,125,2,CURRENT_TIMESTAMP,CURRENT_TIMESTAMP),
(172,126,2,CURRENT_TIMESTAMP,CURRENT_TIMESTAMP),
(173,127,2,CURRENT_TIMESTAMP,CURRENT_TIMESTAMP),
(174,128,2,CURRENT_TIMESTAMP,CURRENT_TIMESTAMP),
(175,129,2,CURRENT_TIMESTAMP,CURRENT_TIMESTAMP),
(176,130,2,CURRENT_TIMESTAMP,CURRENT_TIMESTAMP),
(177,131,2,CURRENT_TIMESTAMP,CURRENT_TIMESTAMP),
(178,132,2,CURRENT_TIMESTAMP,CURRENT_TIMESTAMP),
(179,133,2,CURRENT_TIMESTAMP,CURRENT_TIMESTAMP),
(180,134,2,CURRENT_TIMESTAMP,CURRENT_TIMESTAMP),
(181,135,2,CURRENT_TIMESTAMP,CURRENT_TIMESTAMP),
(182,136,2,CURRENT_TIMESTAMP,CURRENT_TIMESTAMP),
(183,137,2,CURRENT_TIMESTAMP,CURRENT_TIMESTAMP),
(184,138,2,CURRENT_TIMESTAMP,CURRENT_TIMESTAMP),
(185,139,2,CURRENT_TIMESTAMP,CURRENT_TIMESTAMP),
(186,140,2,CURRENT_TIMESTAMP,CURRENT_TIMESTAMP),
(187,141,2,CURRENT_TIMESTAMP,CURRENT_TIMESTAMP),
(188,142,4,CURRENT_TIMESTAMP,CURRENT_TIMESTAMP),
(189,143,4,CURRENT_TIMESTAMP,CURRENT_TIMESTAMP),
(190,144,4,CURRENT_TIMESTAMP,CURRENT_TIMESTAMP),
(191,145,4,CURRENT_TIMESTAMP,CURRENT_TIMESTAMP),
(192,146,4,CURRENT_TIMESTAMP,CURRENT_TIMESTAMP),
(193,147,4,CURRENT_TIMESTAMP,CURRENT_TIMESTAMP),
(194,148,4,CURRENT_TIMESTAMP,CURRENT_TIMESTAMP),
(195,149,4,CURRENT_TIMESTAMP,CURRENT_TIMESTAMP),
(196,150,4,CURRENT_TIMESTAMP,CURRENT_TIMESTAMP),
(197,151,4,CURRENT_TIMESTAMP,CURRENT_TIMESTAMP),
(198,152,4,CURRENT_TIMESTAMP,CURRENT_TIMESTAMP),
(199,153,16,CURRENT_TIMESTAMP,CURRENT_TIMESTAMP),
(200,154,17,CURRENT_TIMESTAMP,CURRENT_TIMESTAMP)
ON CONFLICT (id) DO NOTHING;

INSERT INTO public.cb_book_category (id, book_id, category_id, created_at, updated_at) VALUES
(201,155,4,CURRENT_TIMESTAMP,CURRENT_TIMESTAMP),
(202,156,4,CURRENT_TIMESTAMP,CURRENT_TIMESTAMP),
(203,157,17,CURRENT_TIMESTAMP,CURRENT_TIMESTAMP),
(204,157,18,CURRENT_TIMESTAMP,CURRENT_TIMESTAMP),
(205,158,17,CURRENT_TIMESTAMP,CURRENT_TIMESTAMP),
(206,158,18,CURRENT_TIMESTAMP,CURRENT_TIMESTAMP),
(207,159,17,CURRENT_TIMESTAMP,CURRENT_TIMESTAMP),
(208,159,18,CURRENT_TIMESTAMP,CURRENT_TIMESTAMP),
(209,160,17,CURRENT_TIMESTAMP,CURRENT_TIMESTAMP),
(210,160,18,CURRENT_TIMESTAMP,CURRENT_TIMESTAMP),
(211,161,18,CURRENT_TIMESTAMP,CURRENT_TIMESTAMP),
(212,161,17,CURRENT_TIMESTAMP,CURRENT_TIMESTAMP),
(213,162,17,CURRENT_TIMESTAMP,CURRENT_TIMESTAMP),
(214,162,18,CURRENT_TIMESTAMP,CURRENT_TIMESTAMP),
(215,163,17,CURRENT_TIMESTAMP,CURRENT_TIMESTAMP),
(216,163,18,CURRENT_TIMESTAMP,CURRENT_TIMESTAMP),
(217,164,19,CURRENT_TIMESTAMP,CURRENT_TIMESTAMP),
(218,165,19,CURRENT_TIMESTAMP,CURRENT_TIMESTAMP),
(219,166,19,CURRENT_TIMESTAMP,CURRENT_TIMESTAMP),
(220,167,6,CURRENT_TIMESTAMP,CURRENT_TIMESTAMP),
(221,168,6,CURRENT_TIMESTAMP,CURRENT_TIMESTAMP),
(222,169,6,CURRENT_TIMESTAMP,CURRENT_TIMESTAMP),
(223,170,6,CURRENT_TIMESTAMP,CURRENT_TIMESTAMP),
(224,171,6,CURRENT_TIMESTAMP,CURRENT_TIMESTAMP),
(225,172,7,CURRENT_TIMESTAMP,CURRENT_TIMESTAMP),
(226,173,6,CURRENT_TIMESTAMP,CURRENT_TIMESTAMP),
(227,173,7,CURRENT_TIMESTAMP,CURRENT_TIMESTAMP),
(228,174,6,CURRENT_TIMESTAMP,CURRENT_TIMESTAMP),
(229,174,7,CURRENT_TIMESTAMP,CURRENT_TIMESTAMP),
(230,175,7,CURRENT_TIMESTAMP,CURRENT_TIMESTAMP),
(231,176,7,CURRENT_TIMESTAMP,CURRENT_TIMESTAMP),
(232,177,7,CURRENT_TIMESTAMP,CURRENT_TIMESTAMP),
(233,178,6,CURRENT_TIMESTAMP,CURRENT_TIMESTAMP),
(234,178,17,CURRENT_TIMESTAMP,CURRENT_TIMESTAMP),
(235,179,6,CURRENT_TIMESTAMP,CURRENT_TIMESTAMP),
(236,179,17,CURRENT_TIMESTAMP,CURRENT_TIMESTAMP),
(237,180,6,CURRENT_TIMESTAMP,CURRENT_TIMESTAMP),
(238,180,17,CURRENT_TIMESTAMP,CURRENT_TIMESTAMP),
(239,181,20,CURRENT_TIMESTAMP,CURRENT_TIMESTAMP),
(240,182,20,CURRENT_TIMESTAMP,CURRENT_TIMESTAMP),
(241,183,20,CURRENT_TIMESTAMP,CURRENT_TIMESTAMP),
(242,184,20,CURRENT_TIMESTAMP,CURRENT_TIMESTAMP),
(243,185,7,CURRENT_TIMESTAMP,CURRENT_TIMESTAMP),
(244,186,7,CURRENT_TIMESTAMP,CURRENT_TIMESTAMP),
(245,186,8,CURRENT_TIMESTAMP,CURRENT_TIMESTAMP),
(246,187,7,CURRENT_TIMESTAMP,CURRENT_TIMESTAMP),
(247,187,8,CURRENT_TIMESTAMP,CURRENT_TIMESTAMP),
(248,188,17,CURRENT_TIMESTAMP,CURRENT_TIMESTAMP),
(249,189,17,CURRENT_TIMESTAMP,CURRENT_TIMESTAMP),
(250,190,17,CURRENT_TIMESTAMP,CURRENT_TIMESTAMP)
ON CONFLICT (id) DO NOTHING;

INSERT INTO public.cb_book_category (id, book_id, category_id, created_at, updated_at) VALUES
(251,191,17,CURRENT_TIMESTAMP,CURRENT_TIMESTAMP),
(252,191,7,CURRENT_TIMESTAMP,CURRENT_TIMESTAMP),
(253,192,7,CURRENT_TIMESTAMP,CURRENT_TIMESTAMP),
(254,192,17,CURRENT_TIMESTAMP,CURRENT_TIMESTAMP),
(255,193,20,CURRENT_TIMESTAMP,CURRENT_TIMESTAMP),
(256,194,20,CURRENT_TIMESTAMP,CURRENT_TIMESTAMP),
(257,195,21,CURRENT_TIMESTAMP,CURRENT_TIMESTAMP),
(258,196,7,CURRENT_TIMESTAMP,CURRENT_TIMESTAMP),
(259,196,17,CURRENT_TIMESTAMP,CURRENT_TIMESTAMP),
(260,197,22,CURRENT_TIMESTAMP,CURRENT_TIMESTAMP),
(261,198,23,CURRENT_TIMESTAMP,CURRENT_TIMESTAMP),
(262,199,17,CURRENT_TIMESTAMP,CURRENT_TIMESTAMP),
(263,200,20,CURRENT_TIMESTAMP,CURRENT_TIMESTAMP),
(264,201,21,CURRENT_TIMESTAMP,CURRENT_TIMESTAMP),
(265,202,6,CURRENT_TIMESTAMP,CURRENT_TIMESTAMP),
(266,202,7,CURRENT_TIMESTAMP,CURRENT_TIMESTAMP),
(267,203,24,CURRENT_TIMESTAMP,CURRENT_TIMESTAMP),
(268,203,25,CURRENT_TIMESTAMP,CURRENT_TIMESTAMP),
(269,203,6,CURRENT_TIMESTAMP,CURRENT_TIMESTAMP),
(270,203,21,CURRENT_TIMESTAMP,CURRENT_TIMESTAMP),
(271,204,24,CURRENT_TIMESTAMP,CURRENT_TIMESTAMP),
(272,204,25,CURRENT_TIMESTAMP,CURRENT_TIMESTAMP),
(273,204,6,CURRENT_TIMESTAMP,CURRENT_TIMESTAMP),
(274,204,21,CURRENT_TIMESTAMP,CURRENT_TIMESTAMP),
(275,205,6,CURRENT_TIMESTAMP,CURRENT_TIMESTAMP),
(276,206,18,CURRENT_TIMESTAMP,CURRENT_TIMESTAMP),
(277,206,17,CURRENT_TIMESTAMP,CURRENT_TIMESTAMP),
(278,207,18,CURRENT_TIMESTAMP,CURRENT_TIMESTAMP),
(279,207,17,CURRENT_TIMESTAMP,CURRENT_TIMESTAMP),
(280,208,18,CURRENT_TIMESTAMP,CURRENT_TIMESTAMP),
(281,208,17,CURRENT_TIMESTAMP,CURRENT_TIMESTAMP),
(282,209,18,CURRENT_TIMESTAMP,CURRENT_TIMESTAMP),
(283,209,17,CURRENT_TIMESTAMP,CURRENT_TIMESTAMP),
(284,210,18,CURRENT_TIMESTAMP,CURRENT_TIMESTAMP),
(285,210,17,CURRENT_TIMESTAMP,CURRENT_TIMESTAMP),
(286,211,18,CURRENT_TIMESTAMP,CURRENT_TIMESTAMP),
(287,211,17,CURRENT_TIMESTAMP,CURRENT_TIMESTAMP),
(288,212,18,CURRENT_TIMESTAMP,CURRENT_TIMESTAMP),
(289,212,17,CURRENT_TIMESTAMP,CURRENT_TIMESTAMP),
(290,213,18,CURRENT_TIMESTAMP,CURRENT_TIMESTAMP),
(291,213,17,CURRENT_TIMESTAMP,CURRENT_TIMESTAMP),
(292,214,18,CURRENT_TIMESTAMP,CURRENT_TIMESTAMP),
(293,214,17,CURRENT_TIMESTAMP,CURRENT_TIMESTAMP),
(294,215,26,CURRENT_TIMESTAMP,CURRENT_TIMESTAMP),
(295,216,4,CURRENT_TIMESTAMP,CURRENT_TIMESTAMP),
(296,217,4,CURRENT_TIMESTAMP,CURRENT_TIMESTAMP),
(297,218,4,CURRENT_TIMESTAMP,CURRENT_TIMESTAMP),
(298,219,4,CURRENT_TIMESTAMP,CURRENT_TIMESTAMP),
(299,220,4,CURRENT_TIMESTAMP,CURRENT_TIMESTAMP),
(300,221,4,CURRENT_TIMESTAMP,CURRENT_TIMESTAMP)
ON CONFLICT (id) DO NOTHING;

INSERT INTO public.cb_book_category (id, book_id, category_id, created_at, updated_at) VALUES
(301,222,4,CURRENT_TIMESTAMP,CURRENT_TIMESTAMP),
(302,223,4,CURRENT_TIMESTAMP,CURRENT_TIMESTAMP),
(303,224,4,CURRENT_TIMESTAMP,CURRENT_TIMESTAMP),
(304,225,4,CURRENT_TIMESTAMP,CURRENT_TIMESTAMP),
(305,226,27,CURRENT_TIMESTAMP,CURRENT_TIMESTAMP),
(306,227,28,CURRENT_TIMESTAMP,CURRENT_TIMESTAMP),
(307,228,17,CURRENT_TIMESTAMP,CURRENT_TIMESTAMP),
(308,228,18,CURRENT_TIMESTAMP,CURRENT_TIMESTAMP),
(309,229,1,CURRENT_TIMESTAMP,CURRENT_TIMESTAMP),
(310,230,3,CURRENT_TIMESTAMP,CURRENT_TIMESTAMP),
(311,231,21,CURRENT_TIMESTAMP,CURRENT_TIMESTAMP),
(312,232,2,CURRENT_TIMESTAMP,CURRENT_TIMESTAMP),
(313,233,6,CURRENT_TIMESTAMP,CURRENT_TIMESTAMP),
(314,234,3,CURRENT_TIMESTAMP,CURRENT_TIMESTAMP),
(315,235,6,CURRENT_TIMESTAMP,CURRENT_TIMESTAMP)
ON CONFLICT (id) DO NOTHING;

-- ===========================================================================
-- STEP 4: Re-ensure cb_book_sub_category rows (328 total, batches of 50)
-- ===========================================================================

INSERT INTO public.cb_book_sub_category (id, book_id, sub_category_id, created_at, updated_at) VALUES
(1,2,1,CURRENT_TIMESTAMP,CURRENT_TIMESTAMP),
(2,3,1,CURRENT_TIMESTAMP,CURRENT_TIMESTAMP),
(3,4,2,CURRENT_TIMESTAMP,CURRENT_TIMESTAMP),
(4,5,3,CURRENT_TIMESTAMP,CURRENT_TIMESTAMP),
(5,5,4,CURRENT_TIMESTAMP,CURRENT_TIMESTAMP),
(6,6,3,CURRENT_TIMESTAMP,CURRENT_TIMESTAMP),
(7,6,4,CURRENT_TIMESTAMP,CURRENT_TIMESTAMP),
(8,7,3,CURRENT_TIMESTAMP,CURRENT_TIMESTAMP),
(9,7,4,CURRENT_TIMESTAMP,CURRENT_TIMESTAMP),
(10,8,3,CURRENT_TIMESTAMP,CURRENT_TIMESTAMP),
(11,8,4,CURRENT_TIMESTAMP,CURRENT_TIMESTAMP),
(12,9,3,CURRENT_TIMESTAMP,CURRENT_TIMESTAMP),
(13,9,4,CURRENT_TIMESTAMP,CURRENT_TIMESTAMP),
(14,10,3,CURRENT_TIMESTAMP,CURRENT_TIMESTAMP),
(15,10,4,CURRENT_TIMESTAMP,CURRENT_TIMESTAMP),
(16,11,3,CURRENT_TIMESTAMP,CURRENT_TIMESTAMP),
(17,11,4,CURRENT_TIMESTAMP,CURRENT_TIMESTAMP),
(22,14,3,CURRENT_TIMESTAMP,CURRENT_TIMESTAMP),
(23,14,4,CURRENT_TIMESTAMP,CURRENT_TIMESTAMP),
(24,15,3,CURRENT_TIMESTAMP,CURRENT_TIMESTAMP),
(25,15,4,CURRENT_TIMESTAMP,CURRENT_TIMESTAMP),
(26,16,3,CURRENT_TIMESTAMP,CURRENT_TIMESTAMP),
(27,16,4,CURRENT_TIMESTAMP,CURRENT_TIMESTAMP),
(28,17,3,CURRENT_TIMESTAMP,CURRENT_TIMESTAMP),
(29,17,4,CURRENT_TIMESTAMP,CURRENT_TIMESTAMP),
(30,18,3,CURRENT_TIMESTAMP,CURRENT_TIMESTAMP),
(31,18,4,CURRENT_TIMESTAMP,CURRENT_TIMESTAMP),
(32,19,3,CURRENT_TIMESTAMP,CURRENT_TIMESTAMP),
(33,19,4,CURRENT_TIMESTAMP,CURRENT_TIMESTAMP),
(34,20,3,CURRENT_TIMESTAMP,CURRENT_TIMESTAMP),
(35,20,4,CURRENT_TIMESTAMP,CURRENT_TIMESTAMP),
(36,21,5,CURRENT_TIMESTAMP,CURRENT_TIMESTAMP),
(37,22,3,CURRENT_TIMESTAMP,CURRENT_TIMESTAMP),
(38,22,4,CURRENT_TIMESTAMP,CURRENT_TIMESTAMP),
(39,23,5,CURRENT_TIMESTAMP,CURRENT_TIMESTAMP),
(40,23,3,CURRENT_TIMESTAMP,CURRENT_TIMESTAMP),
(41,23,4,CURRENT_TIMESTAMP,CURRENT_TIMESTAMP),
(42,24,5,CURRENT_TIMESTAMP,CURRENT_TIMESTAMP),
(43,24,3,CURRENT_TIMESTAMP,CURRENT_TIMESTAMP),
(44,24,4,CURRENT_TIMESTAMP,CURRENT_TIMESTAMP),
(45,25,5,CURRENT_TIMESTAMP,CURRENT_TIMESTAMP),
(46,25,3,CURRENT_TIMESTAMP,CURRENT_TIMESTAMP),
(47,25,4,CURRENT_TIMESTAMP,CURRENT_TIMESTAMP),
(48,26,5,CURRENT_TIMESTAMP,CURRENT_TIMESTAMP),
(49,26,3,CURRENT_TIMESTAMP,CURRENT_TIMESTAMP),
(50,26,4,CURRENT_TIMESTAMP,CURRENT_TIMESTAMP)
ON CONFLICT (id) DO NOTHING;

INSERT INTO public.cb_book_sub_category (id, book_id, sub_category_id, created_at, updated_at) VALUES
(51,27,5,CURRENT_TIMESTAMP,CURRENT_TIMESTAMP),
(52,27,4,CURRENT_TIMESTAMP,CURRENT_TIMESTAMP),
(53,27,3,CURRENT_TIMESTAMP,CURRENT_TIMESTAMP),
(54,28,5,CURRENT_TIMESTAMP,CURRENT_TIMESTAMP),
(55,28,3,CURRENT_TIMESTAMP,CURRENT_TIMESTAMP),
(56,28,4,CURRENT_TIMESTAMP,CURRENT_TIMESTAMP),
(57,29,5,CURRENT_TIMESTAMP,CURRENT_TIMESTAMP),
(58,29,3,CURRENT_TIMESTAMP,CURRENT_TIMESTAMP),
(59,29,4,CURRENT_TIMESTAMP,CURRENT_TIMESTAMP),
(60,30,5,CURRENT_TIMESTAMP,CURRENT_TIMESTAMP),
(61,30,3,CURRENT_TIMESTAMP,CURRENT_TIMESTAMP),
(62,30,4,CURRENT_TIMESTAMP,CURRENT_TIMESTAMP),
(63,31,6,CURRENT_TIMESTAMP,CURRENT_TIMESTAMP),
(64,32,7,CURRENT_TIMESTAMP,CURRENT_TIMESTAMP),
(65,33,7,CURRENT_TIMESTAMP,CURRENT_TIMESTAMP),
(66,34,7,CURRENT_TIMESTAMP,CURRENT_TIMESTAMP),
(67,35,7,CURRENT_TIMESTAMP,CURRENT_TIMESTAMP),
(68,36,7,CURRENT_TIMESTAMP,CURRENT_TIMESTAMP),
(69,36,8,CURRENT_TIMESTAMP,CURRENT_TIMESTAMP),
(70,36,9,CURRENT_TIMESTAMP,CURRENT_TIMESTAMP),
(71,36,10,CURRENT_TIMESTAMP,CURRENT_TIMESTAMP),
(72,37,10,CURRENT_TIMESTAMP,CURRENT_TIMESTAMP),
(73,38,8,CURRENT_TIMESTAMP,CURRENT_TIMESTAMP),
(74,38,9,CURRENT_TIMESTAMP,CURRENT_TIMESTAMP),
(75,39,7,CURRENT_TIMESTAMP,CURRENT_TIMESTAMP),
(76,40,7,CURRENT_TIMESTAMP,CURRENT_TIMESTAMP),
(77,41,7,CURRENT_TIMESTAMP,CURRENT_TIMESTAMP),
(78,42,2,CURRENT_TIMESTAMP,CURRENT_TIMESTAMP),
(79,43,11,CURRENT_TIMESTAMP,CURRENT_TIMESTAMP),
(80,44,17,CURRENT_TIMESTAMP,CURRENT_TIMESTAMP),
(81,45,18,CURRENT_TIMESTAMP,CURRENT_TIMESTAMP),
(82,46,19,CURRENT_TIMESTAMP,CURRENT_TIMESTAMP),
(83,47,18,CURRENT_TIMESTAMP,CURRENT_TIMESTAMP),
(84,47,20,CURRENT_TIMESTAMP,CURRENT_TIMESTAMP),
(85,48,17,CURRENT_TIMESTAMP,CURRENT_TIMESTAMP),
(86,49,22,CURRENT_TIMESTAMP,CURRENT_TIMESTAMP),
(87,50,23,CURRENT_TIMESTAMP,CURRENT_TIMESTAMP),
(88,51,12,CURRENT_TIMESTAMP,CURRENT_TIMESTAMP),
(89,52,24,CURRENT_TIMESTAMP,CURRENT_TIMESTAMP),
(90,53,25,CURRENT_TIMESTAMP,CURRENT_TIMESTAMP),
(91,54,24,CURRENT_TIMESTAMP,CURRENT_TIMESTAMP),
(92,54,26,CURRENT_TIMESTAMP,CURRENT_TIMESTAMP),
(93,55,27,CURRENT_TIMESTAMP,CURRENT_TIMESTAMP),
(94,56,27,CURRENT_TIMESTAMP,CURRENT_TIMESTAMP),
(95,56,13,CURRENT_TIMESTAMP,CURRENT_TIMESTAMP),
(96,57,27,CURRENT_TIMESTAMP,CURRENT_TIMESTAMP),
(97,58,27,CURRENT_TIMESTAMP,CURRENT_TIMESTAMP),
(98,59,17,CURRENT_TIMESTAMP,CURRENT_TIMESTAMP),
(99,60,25,CURRENT_TIMESTAMP,CURRENT_TIMESTAMP),
(100,60,13,CURRENT_TIMESTAMP,CURRENT_TIMESTAMP)
ON CONFLICT (id) DO NOTHING;

INSERT INTO public.cb_book_sub_category (id, book_id, sub_category_id, created_at, updated_at) VALUES
(101,61,27,CURRENT_TIMESTAMP,CURRENT_TIMESTAMP),
(102,62,28,CURRENT_TIMESTAMP,CURRENT_TIMESTAMP),
(103,63,29,CURRENT_TIMESTAMP,CURRENT_TIMESTAMP),
(104,63,24,CURRENT_TIMESTAMP,CURRENT_TIMESTAMP),
(105,64,30,CURRENT_TIMESTAMP,CURRENT_TIMESTAMP),
(106,65,31,CURRENT_TIMESTAMP,CURRENT_TIMESTAMP),
(107,66,14,CURRENT_TIMESTAMP,CURRENT_TIMESTAMP),
(108,67,24,CURRENT_TIMESTAMP,CURRENT_TIMESTAMP),
(109,68,24,CURRENT_TIMESTAMP,CURRENT_TIMESTAMP),
(110,69,24,CURRENT_TIMESTAMP,CURRENT_TIMESTAMP),
(111,70,32,CURRENT_TIMESTAMP,CURRENT_TIMESTAMP),
(112,71,32,CURRENT_TIMESTAMP,CURRENT_TIMESTAMP),
(113,72,25,CURRENT_TIMESTAMP,CURRENT_TIMESTAMP),
(114,73,33,CURRENT_TIMESTAMP,CURRENT_TIMESTAMP),
(115,74,13,CURRENT_TIMESTAMP,CURRENT_TIMESTAMP),
(116,75,13,CURRENT_TIMESTAMP,CURRENT_TIMESTAMP),
(117,76,13,CURRENT_TIMESTAMP,CURRENT_TIMESTAMP),
(118,77,24,CURRENT_TIMESTAMP,CURRENT_TIMESTAMP),
(119,77,13,CURRENT_TIMESTAMP,CURRENT_TIMESTAMP),
(120,78,24,CURRENT_TIMESTAMP,CURRENT_TIMESTAMP),
(121,79,35,CURRENT_TIMESTAMP,CURRENT_TIMESTAMP),
(122,79,34,CURRENT_TIMESTAMP,CURRENT_TIMESTAMP),
(123,80,35,CURRENT_TIMESTAMP,CURRENT_TIMESTAMP),
(124,80,34,CURRENT_TIMESTAMP,CURRENT_TIMESTAMP),
(125,81,34,CURRENT_TIMESTAMP,CURRENT_TIMESTAMP),
(126,81,35,CURRENT_TIMESTAMP,CURRENT_TIMESTAMP),
(127,82,13,CURRENT_TIMESTAMP,CURRENT_TIMESTAMP),
(128,82,36,CURRENT_TIMESTAMP,CURRENT_TIMESTAMP),
(129,83,37,CURRENT_TIMESTAMP,CURRENT_TIMESTAMP),
(130,83,36,CURRENT_TIMESTAMP,CURRENT_TIMESTAMP),
(131,84,24,CURRENT_TIMESTAMP,CURRENT_TIMESTAMP),
(132,85,36,CURRENT_TIMESTAMP,CURRENT_TIMESTAMP),
(133,86,29,CURRENT_TIMESTAMP,CURRENT_TIMESTAMP),
(134,87,24,CURRENT_TIMESTAMP,CURRENT_TIMESTAMP),
(135,88,24,CURRENT_TIMESTAMP,CURRENT_TIMESTAMP),
(136,89,14,CURRENT_TIMESTAMP,CURRENT_TIMESTAMP),
(137,89,13,CURRENT_TIMESTAMP,CURRENT_TIMESTAMP),
(138,90,14,CURRENT_TIMESTAMP,CURRENT_TIMESTAMP),
(139,90,13,CURRENT_TIMESTAMP,CURRENT_TIMESTAMP),
(140,91,14,CURRENT_TIMESTAMP,CURRENT_TIMESTAMP),
(141,91,13,CURRENT_TIMESTAMP,CURRENT_TIMESTAMP),
(142,92,14,CURRENT_TIMESTAMP,CURRENT_TIMESTAMP),
(143,92,13,CURRENT_TIMESTAMP,CURRENT_TIMESTAMP),
(144,93,24,CURRENT_TIMESTAMP,CURRENT_TIMESTAMP),
(145,93,36,CURRENT_TIMESTAMP,CURRENT_TIMESTAMP),
(146,94,38,CURRENT_TIMESTAMP,CURRENT_TIMESTAMP),
(147,94,13,CURRENT_TIMESTAMP,CURRENT_TIMESTAMP),
(148,95,24,CURRENT_TIMESTAMP,CURRENT_TIMESTAMP),
(149,95,36,CURRENT_TIMESTAMP,CURRENT_TIMESTAMP),
(150,96,36,CURRENT_TIMESTAMP,CURRENT_TIMESTAMP)
ON CONFLICT (id) DO NOTHING;

INSERT INTO public.cb_book_sub_category (id, book_id, sub_category_id, created_at, updated_at) VALUES
(151,96,24,CURRENT_TIMESTAMP,CURRENT_TIMESTAMP),
(152,97,24,CURRENT_TIMESTAMP,CURRENT_TIMESTAMP),
(153,97,36,CURRENT_TIMESTAMP,CURRENT_TIMESTAMP),
(154,98,24,CURRENT_TIMESTAMP,CURRENT_TIMESTAMP),
(155,98,36,CURRENT_TIMESTAMP,CURRENT_TIMESTAMP),
(156,99,37,CURRENT_TIMESTAMP,CURRENT_TIMESTAMP),
(157,100,37,CURRENT_TIMESTAMP,CURRENT_TIMESTAMP),
(158,101,37,CURRENT_TIMESTAMP,CURRENT_TIMESTAMP),
(159,102,37,CURRENT_TIMESTAMP,CURRENT_TIMESTAMP),
(160,103,37,CURRENT_TIMESTAMP,CURRENT_TIMESTAMP),
(161,104,37,CURRENT_TIMESTAMP,CURRENT_TIMESTAMP),
(162,105,37,CURRENT_TIMESTAMP,CURRENT_TIMESTAMP),
(163,106,37,CURRENT_TIMESTAMP,CURRENT_TIMESTAMP),
(164,107,37,CURRENT_TIMESTAMP,CURRENT_TIMESTAMP),
(165,108,37,CURRENT_TIMESTAMP,CURRENT_TIMESTAMP),
(166,109,37,CURRENT_TIMESTAMP,CURRENT_TIMESTAMP),
(167,110,37,CURRENT_TIMESTAMP,CURRENT_TIMESTAMP),
(168,111,37,CURRENT_TIMESTAMP,CURRENT_TIMESTAMP),
(169,112,37,CURRENT_TIMESTAMP,CURRENT_TIMESTAMP),
(170,113,37,CURRENT_TIMESTAMP,CURRENT_TIMESTAMP),
(171,114,37,CURRENT_TIMESTAMP,CURRENT_TIMESTAMP),
(172,115,37,CURRENT_TIMESTAMP,CURRENT_TIMESTAMP),
(173,116,37,CURRENT_TIMESTAMP,CURRENT_TIMESTAMP),
(174,117,37,CURRENT_TIMESTAMP,CURRENT_TIMESTAMP),
(175,118,37,CURRENT_TIMESTAMP,CURRENT_TIMESTAMP),
(176,119,37,CURRENT_TIMESTAMP,CURRENT_TIMESTAMP),
(177,120,37,CURRENT_TIMESTAMP,CURRENT_TIMESTAMP),
(178,121,37,CURRENT_TIMESTAMP,CURRENT_TIMESTAMP),
(179,122,37,CURRENT_TIMESTAMP,CURRENT_TIMESTAMP),
(180,123,37,CURRENT_TIMESTAMP,CURRENT_TIMESTAMP),
(181,124,37,CURRENT_TIMESTAMP,CURRENT_TIMESTAMP),
(182,125,37,CURRENT_TIMESTAMP,CURRENT_TIMESTAMP),
(183,126,37,CURRENT_TIMESTAMP,CURRENT_TIMESTAMP),
(184,127,37,CURRENT_TIMESTAMP,CURRENT_TIMESTAMP),
(185,128,37,CURRENT_TIMESTAMP,CURRENT_TIMESTAMP),
(186,129,37,CURRENT_TIMESTAMP,CURRENT_TIMESTAMP),
(187,130,37,CURRENT_TIMESTAMP,CURRENT_TIMESTAMP),
(188,131,37,CURRENT_TIMESTAMP,CURRENT_TIMESTAMP),
(189,132,37,CURRENT_TIMESTAMP,CURRENT_TIMESTAMP),
(190,133,37,CURRENT_TIMESTAMP,CURRENT_TIMESTAMP),
(191,134,37,CURRENT_TIMESTAMP,CURRENT_TIMESTAMP),
(192,135,37,CURRENT_TIMESTAMP,CURRENT_TIMESTAMP),
(193,136,37,CURRENT_TIMESTAMP,CURRENT_TIMESTAMP),
(194,137,37,CURRENT_TIMESTAMP,CURRENT_TIMESTAMP),
(195,138,37,CURRENT_TIMESTAMP,CURRENT_TIMESTAMP),
(196,139,37,CURRENT_TIMESTAMP,CURRENT_TIMESTAMP),
(197,140,37,CURRENT_TIMESTAMP,CURRENT_TIMESTAMP),
(198,141,37,CURRENT_TIMESTAMP,CURRENT_TIMESTAMP),
(199,142,39,CURRENT_TIMESTAMP,CURRENT_TIMESTAMP),
(200,143,40,CURRENT_TIMESTAMP,CURRENT_TIMESTAMP)
ON CONFLICT (id) DO NOTHING;

INSERT INTO public.cb_book_sub_category (id, book_id, sub_category_id, created_at, updated_at) VALUES
(201,144,41,CURRENT_TIMESTAMP,CURRENT_TIMESTAMP),
(202,145,42,CURRENT_TIMESTAMP,CURRENT_TIMESTAMP),
(203,146,42,CURRENT_TIMESTAMP,CURRENT_TIMESTAMP),
(204,147,42,CURRENT_TIMESTAMP,CURRENT_TIMESTAMP),
(205,148,42,CURRENT_TIMESTAMP,CURRENT_TIMESTAMP),
(206,149,42,CURRENT_TIMESTAMP,CURRENT_TIMESTAMP),
(207,150,42,CURRENT_TIMESTAMP,CURRENT_TIMESTAMP),
(208,151,42,CURRENT_TIMESTAMP,CURRENT_TIMESTAMP),
(209,152,43,CURRENT_TIMESTAMP,CURRENT_TIMESTAMP),
(210,153,44,CURRENT_TIMESTAMP,CURRENT_TIMESTAMP),
(211,154,45,CURRENT_TIMESTAMP,CURRENT_TIMESTAMP),
(212,155,46,CURRENT_TIMESTAMP,CURRENT_TIMESTAMP),
(213,156,46,CURRENT_TIMESTAMP,CURRENT_TIMESTAMP),
(214,157,47,CURRENT_TIMESTAMP,CURRENT_TIMESTAMP),
(215,157,48,CURRENT_TIMESTAMP,CURRENT_TIMESTAMP),
(216,158,47,CURRENT_TIMESTAMP,CURRENT_TIMESTAMP),
(217,158,48,CURRENT_TIMESTAMP,CURRENT_TIMESTAMP),
(218,159,47,CURRENT_TIMESTAMP,CURRENT_TIMESTAMP),
(219,159,48,CURRENT_TIMESTAMP,CURRENT_TIMESTAMP),
(220,160,47,CURRENT_TIMESTAMP,CURRENT_TIMESTAMP),
(221,160,48,CURRENT_TIMESTAMP,CURRENT_TIMESTAMP),
(222,161,48,CURRENT_TIMESTAMP,CURRENT_TIMESTAMP),
(223,161,47,CURRENT_TIMESTAMP,CURRENT_TIMESTAMP),
(224,162,47,CURRENT_TIMESTAMP,CURRENT_TIMESTAMP),
(225,162,48,CURRENT_TIMESTAMP,CURRENT_TIMESTAMP),
(226,163,47,CURRENT_TIMESTAMP,CURRENT_TIMESTAMP),
(227,163,48,CURRENT_TIMESTAMP,CURRENT_TIMESTAMP),
(228,164,49,CURRENT_TIMESTAMP,CURRENT_TIMESTAMP),
(229,165,49,CURRENT_TIMESTAMP,CURRENT_TIMESTAMP),
(230,166,49,CURRENT_TIMESTAMP,CURRENT_TIMESTAMP),
(231,167,2,CURRENT_TIMESTAMP,CURRENT_TIMESTAMP),
(232,168,2,CURRENT_TIMESTAMP,CURRENT_TIMESTAMP),
(233,169,2,CURRENT_TIMESTAMP,CURRENT_TIMESTAMP),
(234,170,2,CURRENT_TIMESTAMP,CURRENT_TIMESTAMP),
(235,171,2,CURRENT_TIMESTAMP,CURRENT_TIMESTAMP),
(236,172,50,CURRENT_TIMESTAMP,CURRENT_TIMESTAMP),
(237,173,2,CURRENT_TIMESTAMP,CURRENT_TIMESTAMP),
(238,173,50,CURRENT_TIMESTAMP,CURRENT_TIMESTAMP),
(239,174,2,CURRENT_TIMESTAMP,CURRENT_TIMESTAMP),
(240,174,50,CURRENT_TIMESTAMP,CURRENT_TIMESTAMP),
(241,175,50,CURRENT_TIMESTAMP,CURRENT_TIMESTAMP),
(242,176,50,CURRENT_TIMESTAMP,CURRENT_TIMESTAMP),
(243,177,51,CURRENT_TIMESTAMP,CURRENT_TIMESTAMP),
(244,178,2,CURRENT_TIMESTAMP,CURRENT_TIMESTAMP),
(245,178,52,CURRENT_TIMESTAMP,CURRENT_TIMESTAMP),
(246,179,2,CURRENT_TIMESTAMP,CURRENT_TIMESTAMP),
(247,179,52,CURRENT_TIMESTAMP,CURRENT_TIMESTAMP),
(248,180,2,CURRENT_TIMESTAMP,CURRENT_TIMESTAMP),
(249,180,52,CURRENT_TIMESTAMP,CURRENT_TIMESTAMP),
(250,181,53,CURRENT_TIMESTAMP,CURRENT_TIMESTAMP)
ON CONFLICT (id) DO NOTHING;

INSERT INTO public.cb_book_sub_category (id, book_id, sub_category_id, created_at, updated_at) VALUES
(251,182,53,CURRENT_TIMESTAMP,CURRENT_TIMESTAMP),
(252,183,53,CURRENT_TIMESTAMP,CURRENT_TIMESTAMP),
(253,184,53,CURRENT_TIMESTAMP,CURRENT_TIMESTAMP),
(254,185,54,CURRENT_TIMESTAMP,CURRENT_TIMESTAMP),
(255,186,55,CURRENT_TIMESTAMP,CURRENT_TIMESTAMP),
(256,186,56,CURRENT_TIMESTAMP,CURRENT_TIMESTAMP),
(257,187,50,CURRENT_TIMESTAMP,CURRENT_TIMESTAMP),
(258,187,57,CURRENT_TIMESTAMP,CURRENT_TIMESTAMP),
(259,187,55,CURRENT_TIMESTAMP,CURRENT_TIMESTAMP),
(260,187,56,CURRENT_TIMESTAMP,CURRENT_TIMESTAMP),
(261,188,58,CURRENT_TIMESTAMP,CURRENT_TIMESTAMP),
(262,189,58,CURRENT_TIMESTAMP,CURRENT_TIMESTAMP),
(263,190,58,CURRENT_TIMESTAMP,CURRENT_TIMESTAMP),
(264,191,59,CURRENT_TIMESTAMP,CURRENT_TIMESTAMP),
(265,191,50,CURRENT_TIMESTAMP,CURRENT_TIMESTAMP),
(266,192,50,CURRENT_TIMESTAMP,CURRENT_TIMESTAMP),
(267,192,59,CURRENT_TIMESTAMP,CURRENT_TIMESTAMP),
(268,193,53,CURRENT_TIMESTAMP,CURRENT_TIMESTAMP),
(269,194,60,CURRENT_TIMESTAMP,CURRENT_TIMESTAMP),
(270,195,61,CURRENT_TIMESTAMP,CURRENT_TIMESTAMP),
(271,196,50,CURRENT_TIMESTAMP,CURRENT_TIMESTAMP),
(272,196,58,CURRENT_TIMESTAMP,CURRENT_TIMESTAMP),
(273,197,62,CURRENT_TIMESTAMP,CURRENT_TIMESTAMP),
(274,198,63,CURRENT_TIMESTAMP,CURRENT_TIMESTAMP),
(275,199,58,CURRENT_TIMESTAMP,CURRENT_TIMESTAMP),
(276,200,64,CURRENT_TIMESTAMP,CURRENT_TIMESTAMP),
(277,201,61,CURRENT_TIMESTAMP,CURRENT_TIMESTAMP),
(278,202,65,CURRENT_TIMESTAMP,CURRENT_TIMESTAMP),
(279,202,7,CURRENT_TIMESTAMP,CURRENT_TIMESTAMP),
(280,203,67,CURRENT_TIMESTAMP,CURRENT_TIMESTAMP),
(281,203,66,CURRENT_TIMESTAMP,CURRENT_TIMESTAMP),
(282,203,68,CURRENT_TIMESTAMP,CURRENT_TIMESTAMP),
(283,203,6,CURRENT_TIMESTAMP,CURRENT_TIMESTAMP),
(284,204,67,CURRENT_TIMESTAMP,CURRENT_TIMESTAMP),
(285,204,68,CURRENT_TIMESTAMP,CURRENT_TIMESTAMP),
(286,204,6,CURRENT_TIMESTAMP,CURRENT_TIMESTAMP),
(287,204,66,CURRENT_TIMESTAMP,CURRENT_TIMESTAMP),
(288,205,69,CURRENT_TIMESTAMP,CURRENT_TIMESTAMP),
(289,206,70,CURRENT_TIMESTAMP,CURRENT_TIMESTAMP),
(290,206,58,CURRENT_TIMESTAMP,CURRENT_TIMESTAMP),
(291,207,70,CURRENT_TIMESTAMP,CURRENT_TIMESTAMP),
(292,207,58,CURRENT_TIMESTAMP,CURRENT_TIMESTAMP),
(293,208,70,CURRENT_TIMESTAMP,CURRENT_TIMESTAMP),
(294,208,58,CURRENT_TIMESTAMP,CURRENT_TIMESTAMP),
(295,209,70,CURRENT_TIMESTAMP,CURRENT_TIMESTAMP),
(296,209,58,CURRENT_TIMESTAMP,CURRENT_TIMESTAMP),
(297,210,70,CURRENT_TIMESTAMP,CURRENT_TIMESTAMP),
(298,210,58,CURRENT_TIMESTAMP,CURRENT_TIMESTAMP),
(299,211,70,CURRENT_TIMESTAMP,CURRENT_TIMESTAMP),
(300,211,58,CURRENT_TIMESTAMP,CURRENT_TIMESTAMP)
ON CONFLICT (id) DO NOTHING;

INSERT INTO public.cb_book_sub_category (id, book_id, sub_category_id, created_at, updated_at) VALUES
(301,212,70,CURRENT_TIMESTAMP,CURRENT_TIMESTAMP),
(302,212,58,CURRENT_TIMESTAMP,CURRENT_TIMESTAMP),
(303,213,70,CURRENT_TIMESTAMP,CURRENT_TIMESTAMP),
(304,213,58,CURRENT_TIMESTAMP,CURRENT_TIMESTAMP),
(305,214,70,CURRENT_TIMESTAMP,CURRENT_TIMESTAMP),
(306,214,58,CURRENT_TIMESTAMP,CURRENT_TIMESTAMP),
(307,215,71,CURRENT_TIMESTAMP,CURRENT_TIMESTAMP),
(308,216,46,CURRENT_TIMESTAMP,CURRENT_TIMESTAMP),
(309,217,46,CURRENT_TIMESTAMP,CURRENT_TIMESTAMP),
(310,218,46,CURRENT_TIMESTAMP,CURRENT_TIMESTAMP),
(311,219,46,CURRENT_TIMESTAMP,CURRENT_TIMESTAMP),
(312,220,46,CURRENT_TIMESTAMP,CURRENT_TIMESTAMP),
(313,221,46,CURRENT_TIMESTAMP,CURRENT_TIMESTAMP),
(314,222,72,CURRENT_TIMESTAMP,CURRENT_TIMESTAMP),
(315,223,72,CURRENT_TIMESTAMP,CURRENT_TIMESTAMP),
(316,224,72,CURRENT_TIMESTAMP,CURRENT_TIMESTAMP),
(317,225,72,CURRENT_TIMESTAMP,CURRENT_TIMESTAMP),
(318,226,73,CURRENT_TIMESTAMP,CURRENT_TIMESTAMP),
(319,227,74,CURRENT_TIMESTAMP,CURRENT_TIMESTAMP),
(320,228,47,CURRENT_TIMESTAMP,CURRENT_TIMESTAMP),
(321,228,48,CURRENT_TIMESTAMP,CURRENT_TIMESTAMP),
(322,229,34,CURRENT_TIMESTAMP,CURRENT_TIMESTAMP),
(323,230,75,CURRENT_TIMESTAMP,CURRENT_TIMESTAMP),
(324,231,76,CURRENT_TIMESTAMP,CURRENT_TIMESTAMP),
(325,232,78,CURRENT_TIMESTAMP,CURRENT_TIMESTAMP),
(326,233,69,CURRENT_TIMESTAMP,CURRENT_TIMESTAMP),
(327,234,22,CURRENT_TIMESTAMP,CURRENT_TIMESTAMP),
(328,235,69,CURRENT_TIMESTAMP,CURRENT_TIMESTAMP)
ON CONFLICT (id) DO NOTHING;

COMMIT;
